,AASeq,Vregion,Jregion,Dregion
0,CAISEWNDEQYF,TRBV10-3,TRBJ2-7,Unknown
1,CASSLSLSSTEAFF,TRBV11-2,TRBJ1-1,Unknown
2,CASSWADGGYTF,TRBV12-4,TRBJ1-2,Unknown
3,CAIRPVDTDYEQYF,TRBV10-3,TRBJ2-7,Unknown
4,CASSLSGQGYGYTF,TRBV28,TRBJ1-2,Unknown
5,CASSRGDRGNSPLHF,TRBV27,TRBJ1-6,Unknown
6,CASSLDVGSTDTQYF,TRBV28,TRBJ2-3,Unknown
7,CASSEAGGYTF,TRBV6-6,TRBJ1-2,Unknown
8,CASSLLGSQETQYF,TRBV28,TRBJ2-5,Unknown
9,CASRDRAEAFF,TRBV28,TRBJ1-1,Unknown
10,CASSSGWEGQPQHF,TRBV7-9,TRBJ1-5,Unknown
11,CASSYARDRTNQPQHF,TRBV6-6,TRBJ1-5,Unknown
12,CASSFGVLNTEAFF,TRBV27,TRBJ1-1,Unknown
13,CASSLMTSSNEQFF,TRBV7-9,TRBJ2-1,Unknown
14,CATSDLEWGQPQHF,TRBV24-1,TRBJ1-5,Unknown
15,CASRWTVNTEAFF,TRBV12-4,TRBJ1-1,Unknown
16,CASSLFYNGDPNTEAFF,TRBV6-6,TRBJ1-1,Unknown
17,CASSRTGASNQPQHF,TRBV6-6,TRBJ1-5,Unknown
18,CATMDRLNQPQHF,TRBV19,TRBJ1-5,Unknown
19,CSGNDRSYEQYF,TRBV20-1,TRBJ2-7,Unknown
20,CASSFGGMGEAFF,TRBV27,TRBJ1-1,Unknown
21,CASSYSAGGTEAFF,TRBV10-3,TRBJ1-1,Unknown
22,CASKMRAEQETQYF,TRBV28,TRBJ2-5,Unknown
23,CASSPLAQGEAEAFF,TRBV18,TRBJ1-1,Unknown
24,CASSRTYGYTF,TRBV28,TRBJ1-2,Unknown
25,CASTDNGRKDSPLHF,TRBV28,TRBJ1-6,Unknown
26,CAISEWGDTQYF,TRBV10-3,TRBJ2-3,Unknown
27,CASSEGTGYYGYTF,TRBV6-6,TRBJ1-2,Unknown
28,CASSGGANVLTF,TRBV6-6,TRBJ2-6,Unknown
29,CASSILGGGNQPQHF,TRBV19,TRBJ1-5,Unknown
30,CASSPRRALNEQFF,TRBV19,TRBJ2-1,Unknown
31,CASSSDTQYF,TRBV28,TRBJ2-3,Unknown
32,CASSVLRGTEAFF,TRBV12-4,TRBJ1-1,Unknown
33,CASSPEQGVGTPLHF,TRBV4-2,TRBJ1-6,Unknown
34,CASSSLDSDEAFF,TRBV28,TRBJ1-1,Unknown
35,CASTVGPYEQYF,TRBV6-1,TRBJ2-7,Unknown
36,CASNSETATYEQYF,TRBV6-1,TRBJ2-7,Unknown
37,CASSFGQGEGPQHF,TRBV12-4,TRBJ1-5,Unknown
38,CASSLSWDQETQYF,TRBV27,TRBJ2-5,Unknown
39,CASSSTGRSSYEQYF,TRBV6-1,TRBJ2-7,Unknown
40,CASSKTPTETQYF,TRBV19,TRBJ2-5,Unknown
41,CASSLGQPNQPQHF,TRBV12-4,TRBJ1-5,Unknown
42,CASSPPLGERTQYF,TRBV28,TRBJ2-5,Unknown
43,CASSQDIRESFF,TRBV3-1,TRBJ1-1,Unknown
44,CASSQGPVDSPLHF,TRBV3-1,TRBJ1-6,Unknown
45,CASSSGADFYEQYF,TRBV7-9,TRBJ2-7,Unknown
46,CASSWQGTIQPQHF,TRBV28,TRBJ1-5,Unknown
47,CASSWRHNTGELFF,TRBV19,TRBJ2-2,Unknown
48,CASSYLVGNYEQYF,TRBV10-3,TRBJ2-7,Unknown
49,CASSYSTDRSSYEQYF,TRBV6-6,TRBJ2-7,Unknown
50,CSARDMNTEAFF,TRBV20-1,TRBJ1-1,Unknown
51,CSARDSSNQPQHF,TRBV20-1,TRBJ1-5,Unknown
52,CASDNTGGPDTQYF,TRBV11-1,TRBJ2-3,Unknown
53,CASKGASTDTQYF,TRBV19,TRBJ2-3,Unknown
54,CASRRGDHEQYF,TRBV10-3,TRBJ2-7,Unknown
55,CASRTLENTGELFF,TRBV28,TRBJ2-2,Unknown
56,CASSEDFAGYEQYF,TRBV6-6,TRBJ2-7,Unknown
57,CASSEHLTGNTEAFF,TRBV25-1,TRBJ1-1,Unknown
58,CASSEVPSANYGYTF,TRBV7-2,TRBJ1-2,Unknown
59,CASSFHVNQPQHF,TRBV7-2,TRBJ1-5,Unknown
60,CASSISSTGELFF,TRBV19,TRBJ2-2,Unknown
61,CASSLDRGVGTEAFF,TRBV11-3,TRBJ1-1,Unknown
62,CASSLGQGLSGANVLTF,TRBV6-6,TRBJ2-6,Unknown
63,CASSLNSQYGYTF,TRBV7-9,TRBJ1-2,Unknown
64,CASSLRQGRNEQYF,TRBV28,TRBJ2-7,Unknown
65,CASSLSGTTDTQYF,TRBV4-1,TRBJ2-3,Unknown
66,CASSLSRGETQYF,TRBV27,TRBJ2-5,Unknown
67,CASSRPPGQGPEAFF,TRBV6-6,TRBJ1-1,Unknown
68,CASSWSPEANTEAFF,TRBV28,TRBJ1-1,Unknown
69,CASTALAYEQYF,TRBV6-5,TRBJ2-7,Unknown
70,CATRTGGEETQYF,TRBV24-1,TRBJ2-5,Unknown
71,CSARDQSGFGYTF,TRBV20-1,TRBJ1-2,Unknown
72,CSASHRGTEAFF,TRBV20-1,TRBJ1-1,Unknown
73,CSGKGHSNYGYTF,TRBV20-1,TRBJ1-2,Unknown
74,CSVEQEVGAFF,TRBV29-1,TRBJ1-1,Unknown
75,CAGQLGGSGNTQYF,TRBV7-6,TRBJ2-3,Unknown
76,CAISESEGTDTQYF,TRBV10-3,TRBJ2-3,Unknown
77,CASIQGFGETQYF,TRBV10-3,TRBJ2-5,Unknown
78,CASKGEFTQYF,TRBV2,TRBJ2-3,Unknown
79,CASREGLQETQYF,TRBV2,TRBJ2-5,Unknown
80,CASRLADTGELFF,TRBV6-1,TRBJ2-2,Unknown
81,CASRPLQGVTGELFF,TRBV12-3,TRBJ2-2,Unknown
82,CASRSGSLYEQYF,TRBV6-4,TRBJ2-7,Unknown
83,CASSAGHRNTGELFF,TRBV28,TRBJ2-2,Unknown
84,CASSELVGDGYTF,TRBV2,TRBJ1-2,Unknown
85,CASSFGAKETQYF,TRBV7-3,TRBJ2-5,Unknown
86,CASSIEQREGGDEQFF,TRBV19,TRBJ2-1,Unknown
87,CASSIGGGNEQFF,TRBV19,TRBJ2-1,Unknown
88,CASSITSGRARYEQYF,TRBV10-3,TRBJ2-7,Unknown
89,CASSKQGSNTGELFF,TRBV19,TRBJ2-2,Unknown
90,CASSLAGTSGSRIEQFF,TRBV12-3,TRBJ2-1,Unknown
91,CASSLFDREKETQYF,TRBV28,TRBJ2-5,Unknown
92,CASSLGERGETQYF,TRBV11-2,TRBJ2-5,Unknown
93,CASSLGNVETQYF,TRBV28,TRBJ2-5,Unknown
94,CASSLGQGRGNQPQHF,TRBV28,TRBJ1-5,Unknown
95,CASSLGSQETQYF,TRBV12-3,TRBJ2-5,Unknown
96,CASSLQGYEQYF,TRBV28,TRBJ2-7,Unknown
97,CASSLRQQETQYF,TRBV28,TRBJ2-5,Unknown
98,CASSLSGRGYEQYF,TRBV28,TRBJ2-7,Unknown
99,CASSLSSGQNIQYF,TRBV12-3,TRBJ2-4,Unknown
100,CASSLVGYGYTF,TRBV7-2,TRBJ1-2,Unknown
101,CASSLYSPSGRPYEQYF,TRBV18,TRBJ2-7,Unknown
102,CASSPSAGGFGETQYF,TRBV18,TRBJ2-5,Unknown
103,CASSQDLAGGKDTQYF,TRBV4-1,TRBJ2-3,Unknown
104,CASSQDLRITDTQYF,TRBV4-1,TRBJ2-3,Unknown
105,CASSRPGQGVDTQYF,TRBV4-1,TRBJ2-3,Unknown
106,CASSRTGNYEQYF,TRBV6-8,TRBJ2-7,Unknown
107,CASSRVRQQETQYF,TRBV3-1,TRBJ2-5,Unknown
108,CASSSGEQYF,TRBV28,TRBJ2-7,Unknown
109,CASSSPAQPQHF,TRBV6-1,TRBJ1-5,Unknown
110,CASSTGTSGPQYF,TRBV19,TRBJ2-5,Unknown
111,CASSWGLAGADTQYF,TRBV6-2,TRBJ2-3,Unknown
112,CASSYGSGELFF,TRBV7-9,TRBJ2-2,Unknown
113,CATGKRADYGYTF,TRBV6-2,TRBJ1-2,Unknown
114,CATSEPGLDNNEQFF,TRBV24-1,TRBJ2-1,Unknown
115,CATTPSSRLAGHEQYF,TRBV19,TRBJ2-7,Unknown
116,CAWSAQGVRNEQFF,TRBV30,TRBJ2-1,Unknown
117,CSARTGYEQYF,TRBV20-1,TRBJ2-7,Unknown
118,CSASLLGRGNQPQHF,TRBV20-1,TRBJ1-5,Unknown
119,CSVERDRGSGYTF,TRBV29-1,TRBJ1-2,Unknown
120,CAGSLAGDTEAFF,TRBV12-3,TRBJ1-1,Unknown
121,CAIGSGSGTGELFF,TRBV6-1,TRBJ2-2,Unknown
122,CASDGTGNYEQYF,TRBV28,TRBJ2-7,Unknown
123,CASEGPEAFF,TRBV6-4,TRBJ1-1,Unknown
124,CASGLAGGRGEQYF,TRBV28,TRBJ2-7,Unknown
125,CASGRKLLRGTEAFF,TRBV3-1,TRBJ1-1,Unknown
126,CASIKDGYQGTDTQYF,TRBV6-1,TRBJ2-3,Unknown
127,CASKKRYEQYF,TRBV27,TRBJ2-7,Unknown
128,CASNRGGHYGYTF,TRBV6-1,TRBJ1-2,Unknown
129,CASNSGLAGGGNEQFF,TRBV5-1,TRBJ2-1,Unknown
130,CASRDRGRAQPQHF,TRBV19,TRBJ1-5,Unknown
131,CASRTGHSSYEQYF,TRBV11-3,TRBJ2-7,Unknown
132,CASRTSGASYNEQFF,TRBV6-6,TRBJ2-1,Unknown
133,CASRYMGENSPLHF,TRBV6-6,TRBJ1-6,Unknown
134,CASSAGLATYEQYF,TRBV2,TRBJ2-7,Unknown
135,CASSEIGLNSYNEQFF,TRBV10-3,TRBJ2-1,Unknown
136,CASSFAGYYEQYF,TRBV27,TRBJ2-7,Unknown
137,CASSFTGPQETQYF,TRBV5-1,TRBJ2-5,Unknown
138,CASSFYGWNTEAFF,TRBV28,TRBJ1-1,Unknown
139,CASSGEASGFGNEQFF,TRBV25-1,TRBJ2-1,Unknown
140,CASSGLGPDTQYF,TRBV18,TRBJ2-3,Unknown
141,CASSGTAGGNEQFF,TRBV28,TRBJ2-1,Unknown
142,CASSGTGSAFQETQYF,TRBV9,TRBJ2-5,Unknown
143,CASSHELDPEETQYF,TRBV3-1,TRBJ2-5,Unknown
144,CASSIDPILTGELFF,TRBV19,TRBJ2-2,Unknown
145,CASSKGQGAGETQYF,TRBV6-6,TRBJ2-5,Unknown
146,CASSLAGGRDTQYF,TRBV12-3,TRBJ2-3,Unknown
147,CASSLDGSIGSPLHF,TRBV12-4,TRBJ1-6,Unknown
148,CASSLDPQTPEAFF,TRBV5-1,TRBJ1-1,Unknown
149,CASSLDRMVQTQYF,TRBV5-4,TRBJ2-5,Unknown
150,CASSLEGLSGNTIYF,TRBV11-3,TRBJ1-3,Unknown
151,CASSLEQLARTDTQYF,TRBV5-1,TRBJ2-3,Unknown
152,CASSLFQGQGTDTQYF,TRBV7-6,TRBJ2-3,Unknown
153,CASSLGRGGNSPLHF,TRBV5-6,TRBJ1-6,Unknown
154,CASSLGTVTDTQYF,TRBV7-6,TRBJ2-3,Unknown
155,CASSLLDNEQFF,TRBV2,TRBJ2-1,Unknown
156,CASSLQGTMNTEAFF,TRBV5-5,TRBJ1-1,Unknown
157,CASSLQPGQGNSPLHF,TRBV5-1,TRBJ1-6,Unknown
158,CASSLQTGNEQFF,TRBV4-1,TRBJ2-1,Unknown
159,CASSLRRDQETQYF,TRBV12-4,TRBJ2-5,Unknown
160,CASSLSPGEGKTQYF,TRBV5-1,TRBJ2-5,Unknown
161,CASSLTGGVTDTQYF,TRBV12-4,TRBJ2-3,Unknown
162,CASSMNGFYGYTF,TRBV19,TRBJ1-2,Unknown
163,CASSMPGLAGEGTGELFF,TRBV19,TRBJ2-2,Unknown
164,CASSNGEAPYEQYF,TRBV2,TRBJ2-7,Unknown
165,CASSPAAGETQYF,TRBV18,TRBJ2-5,Unknown
166,CASSPDWERFYEQYF,TRBV27,TRBJ2-7,Unknown
167,CASSPGQGNEKLFF,TRBV10-3,TRBJ1-4,Unknown
168,CASSPLRIQETQYF,TRBV7-6,TRBJ2-5,Unknown
169,CASSPPPAGNEQYF,TRBV2,TRBJ2-7,Unknown
170,CASSPPQGTSGNTIYF,TRBV18,TRBJ1-3,Unknown
171,CASSQDGGDTEAFF,TRBV4-3,TRBJ1-1,Unknown
172,CASSQDPASGGNEQFF,TRBV3-1,TRBJ2-1,Unknown
173,CASSQDRGEQNIQYF,TRBV3-1,TRBJ2-4,Unknown
174,CASSQERGGSSYNEQFF,TRBV4-3,TRBJ2-1,Unknown
175,CASSQETRANTGELFF,TRBV4-1,TRBJ2-2,Unknown
176,CASSQGLAGGDNEQFF,TRBV4-3,TRBJ2-1,Unknown
177,CASSQGPGSPLHF,TRBV14,TRBJ1-6,Unknown
178,CASSQRLQRAWDSPLHF,TRBV27,TRBJ1-6,Unknown
179,CASSRAGTTGNSPLHF,TRBV6-6,TRBJ1-6,Unknown
180,CASSRDATNEKLFF,TRBV10-3,TRBJ1-4,Unknown
181,CASSRFGTGGLNTEAFF,TRBV28,TRBJ1-1,Unknown
182,CASSRFTSTGELFF,TRBV19,TRBJ2-2,Unknown
183,CASSSQGGANQPQHF,TRBV2,TRBJ1-5,Unknown
184,CASSSSTEAFF,TRBV7-9,TRBJ1-1,Unknown
185,CASSTGTSGRSGANVLTF,TRBV11-2,TRBJ2-6,Unknown
186,CASSTQGGLSYEQYF,TRBV12-4,TRBJ2-7,Unknown
187,CASSVGGTGGSYEQYF,TRBV7-6,TRBJ2-7,Unknown
188,CASSVMGGHTDTQYF,TRBV11-1,TRBJ2-3,Unknown
189,CASSVNSGDTQYF,TRBV5-5,TRBJ2-3,Unknown
190,CASSYDSGWNEQFF,TRBV6-8,TRBJ2-1,Unknown
191,CASSYSAQGQPQHF,TRBV7-2,TRBJ1-5,Unknown
192,CASSYSGLVRYEQYF,TRBV6-2,TRBJ2-7,Unknown
193,CASTPNRLGIQYF,TRBV6-2,TRBJ2-4,Unknown
194,CATSTPGDGTQETQYF,TRBV24-1,TRBJ2-5,Unknown
195,CAWRGTGEAFF,TRBV30,TRBJ1-1,Unknown
196,CGVASGSPYNEQFF,TRBV27,TRBJ2-1,Unknown
197,CSAGGSLTYEQYF,TRBV20-1,TRBJ2-7,Unknown
198,CSALPGPSTDTQYF,TRBV20-1,TRBJ2-3,Unknown
199,CSANPRGLETQYF,TRBV20-1,TRBJ2-5,Unknown
200,CSARDLAGVETQYF,TRBV20-1,TRBJ2-5,Unknown
201,CSARDQGQITGELFF,TRBV20-1,TRBJ2-2,Unknown
202,CSARDRNYGYTF,TRBV20-1,TRBJ1-2,Unknown
203,CSARERRAYNEQFF,TRBV20-1,TRBJ2-1,Unknown
204,CSARGTSDYEQYF,TRBV20-1,TRBJ2-7,Unknown
205,CSASPGQASAFF,TRBV20-1,TRBJ1-1,Unknown
206,CSLTADYNEQFF,TRBV20-1,TRBJ2-1,Unknown
207,CSVGDREQETQYF,TRBV29-1,TRBJ2-5,Unknown
208,CSVVAGRAKNEQFF,TRBV29-1,TRBJ2-1,Unknown
